district_id,state_name,district_name,total_population,pct_urban,latitude,longitude,pct_adults_overweight_obese,pct_adults_hypertension,pct_age_50_plus,pct_male,pm25_annual_mean,aqi_category,awareness_normalized,sleep_apnea_interest,snoring_interest,cpap_interest,risk_score,risk_category,awareness_gap_score,estimated_undiagnosed,is_awareness_desert,is_small_population
RAJ-JAIPUR,Rajasthan,Jaipur,6620000,60.0,26.9124,75.7873,21.15,13.0,16.5,51.5,85.0,Moderate,0.185,21,22,7,0.3207,MODERATE,0.2614,517948,False,False
UTT-ALLAHA,Uttar Pradesh,Allahabad (Prayagraj),5950000,35.0,25.4358,81.8463,20.21,12.0,15.3,51.3,105.0,Poor,0.118,10,20,4,0.3278,MODERATE,0.2891,503798,False,False
TAM-CHENNA,Tamil Nadu,Chennai,7080000,90.0,13.0827,80.2707,28.2,16.0,22.0,50.1,48.0,Satisfactory,0.282,30,32,18,0.3435,MODERATE,0.2466,488010,False,False
UTT-LUCKNO,Uttar Pradesh,Lucknow,4589838,67.0,26.8467,80.9462,22.09,13.0,15.5,51.5,120.6,Very Poor,0.118,10,20,4,0.3801,HIGH,0.3352,388630,False,False
UTT-AGRA,Uttar Pradesh,Agra,4410000,50.0,27.1767,78.0081,21.62,13.5,15.5,51.6,122.4,Very Poor,0.118,10,20,4,0.3865,HIGH,0.3409,373403,False,False
UTT-VARANA,Uttar Pradesh,Varanasi,3670000,43.0,25.3176,83.0064,20.68,12.5,15.2,51.4,110.2,Poor,0.118,10,20,4,0.3446,MODERATE,0.3039,310746,False,False
UTT-MEERUT,Uttar Pradesh,Meerut,3440000,52.0,28.9845,77.7064,23.03,13.8,15.6,51.5,125.0,Very Poor,0.118,10,20,4,0.4004,HIGH,0.3532,291271,False,False
RAJ-JODHPU,Rajasthan,Jodhpur,3680000,45.0,26.2389,73.0243,19.74,12.5,16.0,51.4,80.0,Moderate,0.185,21,22,7,0.2928,MODERATE,0.2386,287923,False,False
MAD-INDORE,Madhya Pradesh,Indore,3270000,75.0,22.7196,75.8577,21.62,13.5,16.8,51.1,78.0,Moderate,0.136,12,20,8,0.3094,MODERATE,0.2673,271226,False,False
UTT-KANPUR,Uttar Pradesh,Kanpur Nagar,3160000,60.0,26.4499,80.3319,22.56,14.0,15.8,51.7,133.5,Very Poor,0.118,10,20,4,0.4206,HIGH,0.371,267563,False,False
JHA-RANCHI,Jharkhand,Ranchi,2910000,45.0,23.3441,85.3096,17.86,12.0,15.5,51.0,70.0,Moderate,0.094,9,15,2,0.2473,MODERATE,0.2241,253100,False,False
TAM-COIMBA,Tamil Nadu,Coimbatore,3450000,65.0,11.0168,76.9558,26.32,15.0,22.5,50.2,35.0,Satisfactory,0.282,30,32,18,0.309,MODERATE,0.2219,237801,False,False
PUN-LUDHIA,Punjab,Ludhiana,3490000,60.0,30.901,75.8573,28.2,16.0,19.0,52.0,72.0,Moderate,0.294,30,34,21,0.3949,HIGH,0.2788,236538,False,False
MAD-BHOPAL,Madhya Pradesh,Bhopal,2360000,70.0,23.2599,77.4126,20.68,13.0,16.5,51.0,75.0,Moderate,0.136,12,20,8,0.2898,MODERATE,0.2504,195747,False,False
CHH-RAIPUR,Chhattisgarh,Raipur,2160000,50.0,21.2514,81.6296,18.8,12.5,16.0,50.5,65.0,Moderate,0.119,12,17,4,0.2423,MODERATE,0.2135,182684,False,False
ODI-BHUBAN,Odisha,Bhubaneswar (Khordha),2240000,55.0,20.2961,85.8245,19.74,13.0,18.0,50.5,60.0,Moderate,0.169,17,22,9,0.2625,MODERATE,0.2181,178698,False,False
PUN-AMRITS,Punjab,Amritsar,2490000,55.0,31.634,74.8723,26.79,15.5,19.0,52.0,68.0,Moderate,0.294,30,34,21,0.3759,HIGH,0.2654,168762,False,False
LAD-KARGIL,Ladakh,Kargil,1644190,34.19,23.5788,78.9248,25.64,19.4,19.83,50.78,,,0.053,7,4,3,0.3075,MODERATE,0.2912,149476,False,False
LAD-LEH (L,Ladakh,Leh (Ladakh),1552285,30.99,22.6639,79.7787,29.27,13.75,17.66,49.94,,,0.053,7,4,3,0.2467,MODERATE,0.2336,141121,False,False
HAR-FARIDA,Haryana,Faridabad,1800000,80.0,28.4089,77.3178,29.14,16.0,18.0,52.4,164.2,Very Poor,0.319,32,37,24,0.5646,HIGH,0.3845,117676,False,False
HAR-GURGAO,Haryana,Gurgaon,1514000,85.0,28.4595,77.0266,30.08,16.5,18.0,52.5,121.5,Very Poor,0.319,32,37,24,0.4986,HIGH,0.3395,98979,False,False
DAD-DIU,Dadra & Nagar Haveli and Daman & Diu,Diu,987955,27.22,23.0305,78.098,27.95,17.9,16.4,50.22,,,0.115,11,16,6,0.2633,MODERATE,0.233,83936,False,False
DAD-DADRA ,Dadra & Nagar Haveli and Daman & Diu,Dadra & Nagar Haveli,971942,26.45,21.9072,78.1379,21.75,13.4,17.31,50.99,,,0.115,11,16,6,0.2193,LOW,0.1941,82576,False,False
AND-SOUTH ,Andaman and Nicobar Island,South Andaman,805296,38.27,22.6847,77.835,36.24,24.95,19.84,49.63,,,0.059,5,8,5,0.3859,HIGH,0.3631,72747,False,False
AND-NORTH ,Andaman and Nicobar Island,North & Middle Andaman,671402,30.93,23.0263,78.6077,32.73,29.8,14.5,50.66,,,0.059,5,8,5,0.3693,HIGH,0.3475,60651,False,False
DAD-DAMAN,Dadra & Nagar Haveli and Daman & Diu,Daman,627413,35.3,22.1129,78.8841,33.81,19.15,13.56,50.5,,,0.115,11,16,6,0.2827,MODERATE,0.2502,53305,False,False
AND-NICOBA,Andaman and Nicobar Island,Nicobar,568910,35.89,22.6536,77.7243,37.33,41.2,18.67,50.84,,,0.059,5,8,5,0.5267,HIGH,0.4956,51393,False,False
AND-Y.S.R.,Andhra Pradesh,Y.S.R.,1055642,27.74,17.0085,79.2961,32.14,25.25,19.18,50.03,,,0.51,57,51,36,0.3664,HIGH,0.1795,49657,False,False
AND-ANANTA,Andhra Pradesh,Anantapur,1002674,35.59,15.0126,79.2871,27.12,25.05,18.27,50.42,,,0.51,57,51,36,0.3353,MODERATE,0.1643,47165,False,False
AND-VIZIAN,Andhra Pradesh,Vizianagaram,969772,23.26,16.6578,81.0544,26.61,25.15,18.02,50.7,,,0.51,57,51,36,0.3363,MODERATE,0.1648,45618,False,False
AND-CHITTO,Andhra Pradesh,Chittoor,879163,31.51,15.2248,79.0434,32.11,24.9,17.78,49.89,,,0.51,57,51,36,0.3466,MODERATE,0.1698,41355,False,False
AND-KURNOO,Andhra Pradesh,Kurnool,848887,29.2,17.0569,79.5746,27.24,29.4,18.88,50.94,,,0.51,57,51,36,0.3853,HIGH,0.1888,39931,False,False
AND-KRISHN,Andhra Pradesh,Krishna,800876,26.94,13.4618,77.9508,37.2,26.25,21.13,49.81,,,0.51,57,51,36,0.4177,HIGH,0.2047,37673,False,False
AND-EAST G,Andhra Pradesh,East Godavari,782725,27.99,14.9193,80.2969,42.5,30.6,19.04,49.39,,,0.51,57,51,36,0.4507,HIGH,0.2208,36819,False,False
AND-SRI PO,Andhra Pradesh,Sri Potti Sriramulu Nellore,759990,23.41,15.1687,78.7252,36.55,24.05,20.0,50.75,,,0.51,57,51,36,0.4051,HIGH,0.1985,35749,False,False
DEL-SOUTH ,Delhi,South Delhi,2730000,100.0,28.5086,77.2185,29.14,16.5,20.0,52.4,150.0,Very Poor,0.87,98,78,73,0.5629,HIGH,0.0732,34070,False,False
TRI-NORTH ,Tripura,North Tripura,379383,34.53,23.953,91.5813,15.77,19.05,18.3,50.59,,,0.074,7,11,3,0.2299,LOW,0.2129,33725,False,False
MAH-MUMBAI,Maharashtra,Mumbai,454595,43.68,20.4981,74.7277,24.45,22.15,17.13,51.68,56.3,Satisfactory,0.233,25,28,12,0.3662,HIGH,0.2809,33472,False,False
MAH-NASHIK,Maharashtra,Nashik,453946,44.86,20.0105,76.0678,19.84,24.3,17.19,51.08,60.9,Moderate,0.233,25,28,12,0.3531,MODERATE,0.2708,33424,False,False
MAH-AURANG,Maharashtra,Aurangabad,432055,48.04,22.9044,77.8657,22.89,20.85,17.88,52.0,54.0,Satisfactory,0.233,25,28,12,0.3575,MODERATE,0.2742,31813,False,False
DEL-WEST D,Delhi,West Delhi,2540000,100.0,28.652,77.092,29.61,17.0,20.5,52.6,155.0,Very Poor,0.87,98,78,73,0.5874,HIGH,0.0764,31699,False,False
MAH-NANDED,Maharashtra,Nanded,427830,46.73,21.4988,75.4799,18.2,17.0,18.78,51.96,,,0.233,25,28,12,0.2608,MODERATE,0.2,31501,False,False
TRI-UNAKOT,Tripura,Unakoti,353791,31.3,24.4907,89.3442,16.19,21.55,19.98,51.01,,,0.074,7,11,3,0.2765,MODERATE,0.256,31450,False,False
MAH-AHMEDN,Maharashtra,Ahmednagar,422742,50.32,20.4916,76.2778,21.2,24.45,19.67,51.36,,,0.233,25,28,12,0.3305,MODERATE,0.2535,31127,False,False
MAH-JALNA,Maharashtra,Jalna,422304,43.71,20.6776,74.7281,19.55,23.3,20.25,51.38,,,0.233,25,28,12,0.3188,MODERATE,0.2445,31095,False,False
WES-PURULI,West Bengal,Puruliya,492495,30.81,22.6223,88.0526,9.04,18.95,16.79,50.72,,,0.363,41,36,25,0.1786,LOW,0.1138,30117,False,False
WES-NORTH ,West Bengal,North Twenty Four Parganas,492071,38.77,23.622,88.1899,24.23,18.05,18.7,51.18,,,0.363,41,36,25,0.2861,MODERATE,0.1822,30091,False,False
WES-HAORA,West Bengal,Haora,486112,38.53,23.4197,87.786,21.93,25.4,20.25,51.58,,,0.363,41,36,25,0.3521,MODERATE,0.2243,29726,False,False
WES-PASCHI,West Bengal,Paschim Barddhaman,484859,34.26,24.5444,87.004,19.81,19.15,18.53,51.79,,,0.363,41,36,25,0.28,MODERATE,0.1784,29650,False,False
WES-BIRBHU,West Bengal,Birbhum,468921,40.19,22.1227,87.3219,12.96,15.8,20.04,51.13,,,0.363,41,36,25,0.2182,LOW,0.139,28675,False,False
WES-DARJEE,West Bengal,Darjeeling,466519,41.0,22.9672,88.5768,25.8,29.35,20.76,51.53,,,0.363,41,36,25,0.4077,HIGH,0.2597,28528,False,False
TRI-SOUTH ,Tripura,South Tripura,316486,40.39,23.8114,90.0975,21.0,23.3,15.87,50.55,,,0.074,7,11,3,0.266,MODERATE,0.2463,28134,False,False
AND-VISAKH,Andhra Pradesh,Visakhapatnam,596020,24.59,14.5552,78.3678,21.7,26.55,18.54,49.3,40.1,Satisfactory,0.51,57,51,36,0.3206,MODERATE,0.1571,28036,False,False
TRI-GOMATI,Tripura,Gomati,305472,34.07,21.7315,90.5487,18.91,20.6,18.22,50.47,,,0.074,7,11,3,0.2561,MODERATE,0.2371,27155,False,False
MAH-CHANDR,Maharashtra,Chandrapur,368249,48.31,21.6823,76.6217,8.73,20.65,17.53,52.09,,,0.233,25,28,12,0.2247,LOW,0.1723,27114,False,False
MAH-GONDIY,Maharashtra,Gondiya,364422,50.86,20.6143,77.0443,8.83,20.35,21.82,50.91,,,0.233,25,28,12,0.2426,MODERATE,0.1861,26833,False,False
WES-PASCHI,West Bengal,Paschim Medinipur,418959,27.15,20.8695,88.1651,18.53,19.15,15.43,51.49,,,0.363,41,36,25,0.2354,MODERATE,0.1499,25620,False,False
WES-HUGLI,West Bengal,Hugli,406840,22.47,23.1802,88.4799,32.29,25.4,20.57,52.02,,,0.363,41,36,25,0.4226,HIGH,0.2692,24879,False,False
WES-PURBA ,West Bengal,Purba Barddhaman,405142,35.69,21.8253,87.2601,22.12,19.8,17.79,50.82,,,0.363,41,36,25,0.2709,MODERATE,0.1726,24775,False,False
WES-DAKSHI,West Bengal,Dakshin Dinajpur,393205,28.74,21.8134,88.6217,19.63,16.9,16.77,50.84,,,0.363,41,36,25,0.2252,LOW,0.1435,24045,False,False
WES-MURSHI,West Bengal,Murshidabad,381164,30.18,19.8271,89.3418,23.41,17.5,17.94,50.71,,,0.363,41,36,25,0.2602,MODERATE,0.1657,23308,False,False
WES-SOUTH ,West Bengal,South Twenty Four Parganas,376053,22.54,22.7365,86.3352,19.74,20.3,19.8,51.6,,,0.363,41,36,25,0.2973,MODERATE,0.1894,22996,False,False
MAH-WARDHA,Maharashtra,Wardha,310959,45.39,18.2239,77.1486,19.05,15.55,19.27,50.5,,,0.233,25,28,12,0.2301,LOW,0.1765,22896,False,False
WES-PURBA ,West Bengal,Purba Medinipur,364682,42.79,23.3207,86.6476,26.5,19.7,17.14,51.12,,,0.363,41,36,25,0.2943,MODERATE,0.1875,22301,False,False
MAH-HINGOL,Maharashtra,Hingoli,300868,46.9,20.4512,76.4281,16.22,17.4,19.16,52.44,,,0.233,25,28,12,0.2661,MODERATE,0.2041,22153,False,False
MAH-PARBHA,Maharashtra,Parbhani,291773,49.65,19.7834,76.2727,22.98,21.3,20.4,51.01,,,0.233,25,28,12,0.3172,MODERATE,0.2433,21483,False,False
NAG-PHEK,Nagaland,Phek,232516,26.02,27.1017,94.783,12.96,29.85,14.79,51.93,,,0.039,3,6,3,0.2868,MODERATE,0.2756,21450,False,False
MAH-NAGPUR,Maharashtra,Nagpur,288967,45.56,19.3068,77.2679,12.73,19.8,21.55,51.62,50.3,Satisfactory,0.233,25,28,12,0.315,MODERATE,0.2416,21277,False,False
DEL-EAST D,Delhi,East Delhi,1700000,100.0,28.628,77.295,30.55,17.5,21.0,52.5,160.0,Very Poor,0.87,98,78,73,0.6085,HIGH,0.0791,21216,False,False
AND-WEST G,Andhra Pradesh,West Godavari,449974,33.48,15.9084,80.0227,43.28,30.1,19.23,50.39,,,0.51,57,51,36,0.4735,HIGH,0.232,21166,False,False
MAH-SOLAPU,Maharashtra,Solapur,287057,46.3,20.3333,74.2905,26.12,25.95,18.72,51.16,48.3,Satisfactory,0.233,25,28,12,0.3952,HIGH,0.3031,21136,False,False
MAH-SATARA,Maharashtra,Satara,286448,43.69,20.7357,76.8438,25.32,28.5,16.72,51.91,,,0.233,25,28,12,0.3655,HIGH,0.2803,21091,False,False
MAN-BISHNU,Manipur,Bishnupur,234688,36.21,25.6795,92.9824,38.12,27.45,18.89,50.27,,,0.074,10,8,0,0.4186,HIGH,0.3876,20862,False,False
MAH-DHULE,Maharashtra,Dhule,278673,42.37,21.7847,75.2188,23.06,23.25,20.11,51.62,,,0.233,25,28,12,0.3417,MODERATE,0.2621,20519,False,False
MAH-SANGLI,Maharashtra,Sangli,278170,37.54,19.3803,75.7769,25.66,31.05,19.67,51.54,,,0.233,25,28,12,0.4089,HIGH,0.3136,20482,False,False
MAH-SINDHU,Maharashtra,Sindhudurg,271833,41.1,20.6688,74.9087,19.91,37.25,17.52,51.34,,,0.233,25,28,12,0.3972,HIGH,0.3047,20015,False,False
NAG-PEREN,Nagaland,Peren,216202,32.56,26.5126,94.4507,16.0,23.75,13.91,51.76,,,0.039,3,6,3,0.2458,MODERATE,0.2362,19945,False,False
NAG-DIMAPU,Nagaland,Dimapur,211811,27.54,25.9521,95.6517,20.66,19.7,13.71,51.96,,,0.039,3,6,3,0.2437,MODERATE,0.2342,19540,False,False
WES-KOLKAT,West Bengal,Kolkata,317484,29.63,26.0663,89.4445,28.14,23.85,20.35,51.52,113.1,Poor,0.363,41,36,25,0.5316,HIGH,0.3386,19414,False,False
GUJ-GIR SO,Gujarat,Gir Somnath,328422,41.72,23.2016,70.6194,16.07,13.15,20.73,52.15,,,0.399,43,40,32,0.2434,MODERATE,0.1463,18948,False,False
AND-GUNTUR,Andhra Pradesh,Guntur,398305,29.7,14.1226,77.5039,45.12,28.55,17.95,50.09,,,0.51,57,51,36,0.4532,HIGH,0.2221,18736,False,False
AND-SRIKAK,Andhra Pradesh,Srikakulam,397338,32.85,17.2748,78.9061,25.71,22.5,19.38,50.33,,,0.51,57,51,36,0.3176,MODERATE,0.1556,18690,False,False
JAM-UDHAMP,Jammu and Kashmir,Udhampur,231647,26.6,32.9651,74.9493,27.36,19.2,17.48,51.72,,,0.161,16,23,6,0.311,MODERATE,0.2609,18657,False,False
MAH-OSMANA,Maharashtra,Osmanabad,253058,48.83,20.4911,76.5801,23.87,24.85,20.61,51.33,,,0.233,25,28,12,0.3575,MODERATE,0.2742,18633,False,False
GUJ-ARAVAL,Gujarat,Aravali,320751,43.65,22.8298,74.1647,16.96,21.5,18.21,52.02,,,0.399,43,40,32,0.283,MODERATE,0.1701,18506,False,False
MIZ-MAMIT,Mizoram,Mamit,199283,55.47,24.4338,93.163,21.11,17.65,13.05,51.13,,,0.033,2,7,1,0.2074,LOW,0.2006,18499,False,True
MAH-YAVATM,Maharashtra,Yavatmal,250993,42.74,17.5754,74.4119,9.99,17.7,21.82,50.92,,,0.233,25,28,12,0.2294,LOW,0.1759,18481,False,False
MAN-CHANDE,Manipur,Chandel,207487,33.01,25.6139,93.9258,32.44,24.95,17.94,50.22,,,0.074,10,8,0,0.3572,MODERATE,0.3308,18444,False,False
TRI-WEST T,Tripura,West Tripura,206953,20.34,23.1876,91.2887,26.01,26.1,17.25,51.34,,,0.074,7,11,3,0.3452,MODERATE,0.3197,18397,False,False
GUJ-SURAT,Gujarat,Surat,315717,45.25,22.091,73.7236,23.11,23.0,17.32,51.89,64.3,Moderate,0.399,43,40,32,0.3856,HIGH,0.2317,18215,False,False
MAH-WASHIM,Maharashtra,Washim,246834,50.44,22.048,75.0472,13.16,21.45,16.84,51.06,,,0.233,25,28,12,0.228,LOW,0.1749,18174,False,False
MAH-LATUR,Maharashtra,Latur,246552,49.78,19.507,77.6388,16.21,19.1,17.51,50.73,,,0.233,25,28,12,0.2276,LOW,0.1746,18154,False,False
MAH-RAIGAR,Maharashtra,Raigarh,246238,48.21,20.2432,77.6019,22.58,,19.83,50.79,,,0.233,25,28,12,0.2349,MODERATE,0.1802,18130,False,False
HIM-UNA,Himachal Pradesh,Una,247859,9.77,30.8963,76.1024,37.69,27.15,20.22,49.62,,,0.239,27,26,13,0.4142,HIGH,0.3152,18107,False,False
MIZ-LAWNGT,Mizoram,Lawngtlai,192952,56.84,22.1814,94.9752,13.2,16.65,14.44,50.59,,,0.033,2,7,1,0.1584,LOW,0.1532,17912,False,True
JAM-KATHUA,Jammu and Kashmir,Kathua,221288,30.45,35.8732,75.1861,35.9,21.25,16.26,52.02,,,0.161,16,23,6,0.3683,HIGH,0.309,17823,False,False
GUJ-BANASK,Gujarat,Banaskantha,307855,43.82,19.4474,73.872,11.46,15.0,18.13,51.41,,,0.399,43,40,32,0.1901,LOW,0.1143,17762,False,False
WES-NADIA,West Bengal,Nadia,286174,31.06,23.8128,90.6748,27.6,18.6,18.34,51.59,,,0.363,41,36,25,0.3139,MODERATE,0.2,17500,False,False
HIM-LAHUL ,Himachal Pradesh,Lahul and Spiti,237306,10.92,32.8143,76.8274,24.59,17.1,23.2,50.46,,,0.239,27,26,13,0.312,MODERATE,0.2374,17336,False,False
MIZ-AIZAWL,Mizoram,Aizawl,185827,47.52,24.1191,92.4157,28.96,28.5,13.12,50.41,,,0.033,2,7,1,0.3193,MODERATE,0.3088,17250,False,True
AND-PRAKAS,Andhra Pradesh,Prakasam,366557,32.7,16.5573,77.818,36.02,30.4,19.98,50.84,,,0.51,57,51,36,0.4514,HIGH,0.2212,17242,False,False
JAM-JAMMU,Jammu and Kashmir,Jammu,213347,20.19,35.2285,75.0316,37.19,21.55,17.78,51.65,,,0.161,16,23,6,0.3857,HIGH,0.3236,17183,False,False
MAH-RATNAG,Maharashtra,Ratnagiri,233286,39.03,17.8986,73.746,16.2,33.15,20.64,51.15,,,0.233,25,28,12,0.3732,HIGH,0.2862,17177,False,False
HIM-SHIMLA,Himachal Pradesh,Shimla,233437,14.05,29.6227,77.8369,27.73,21.7,23.6,51.14,26.5,Good,0.239,27,26,13,0.382,HIGH,0.2907,17053,False,False
HIM-BILASP,Himachal Pradesh,Bilaspur,233054,2.24,31.1923,77.1594,27.14,21.2,23.39,50.53,,,0.239,27,26,13,0.3605,MODERATE,0.2743,17025,False,False
JAM-BANDIP,Jammu and Kashmir,Bandipore,211216,39.17,34.9157,74.3601,25.91,19.4,16.78,51.94,,,0.161,16,23,6,0.3017,MODERATE,0.2531,17012,False,False
BIH-KAIMUR,Bihar,Kaimur (Bhabua),198760,8.79,26.0205,85.6304,11.2,13.65,14.92,51.18,,,0.109,11,16,3,0.1414,LOW,0.126,17001,False,True
HIM-KANGRA,Himachal Pradesh,Kangra,231208,10.37,33.0731,79.0683,30.12,25.75,20.72,50.71,,,0.239,27,26,13,0.3881,HIGH,0.2953,16891,False,False
KER-MALAPP,Kerala,Malappuram,406863,46.72,9.302,78.7146,35.52,26.4,23.27,48.32,,,0.57,62,56,46,0.4009,HIGH,0.1724,16795,False,False
MAH-MUMBAI,Maharashtra,Mumbai Suburban,226935,50.75,17.2027,76.6251,37.61,27.3,20.11,50.36,,,0.233,25,28,12,0.4287,HIGH,0.3288,16709,False,False
BIH-LAKHIS,Bihar,Lakhisarai,195279,18.59,27.0545,84.528,15.0,13.05,15.4,51.46,,,0.109,11,16,3,0.1688,LOW,0.1504,16703,False,True
GUJ-PATAN,Gujarat,Patan,286137,46.67,21.4437,73.6661,17.77,16.3,16.57,52.07,,,0.399,43,40,32,0.233,MODERATE,0.14,16508,False,False
GUJ-MAHESA,Gujarat,Mahesana,284829,43.42,22.3956,73.4808,23.73,24.8,16.8,51.46,,,0.399,43,40,32,0.3204,MODERATE,0.1926,16433,False,False
HIM-SIRMAU,Himachal Pradesh,Sirmaur,224797,3.44,29.5894,77.0719,21.25,19.95,21.46,50.62,,,0.239,27,26,13,0.3002,MODERATE,0.2285,16422,False,False
MAH-THANE,Maharashtra,Thane,222835,37.25,19.4921,73.3397,28.2,27.1,19.98,51.82,64.2,Moderate,0.233,25,28,12,0.4704,HIGH,0.3608,16407,False,False
MIZ-CHAMPH,Mizoram,Champhai,176049,53.75,22.1815,92.6197,22.25,17.85,17.08,50.68,,,0.033,2,7,1,0.247,MODERATE,0.2388,16342,False,True
MAH-AKOLA,Maharashtra,Akola,220715,43.79,19.645,77.1089,18.5,19.25,19.51,51.56,,,0.233,25,28,12,0.2787,MODERATE,0.2138,16251,False,False
GUJ-RAJKOT,Gujarat,Rajkot,280730,43.71,21.9227,72.9899,26.73,16.15,17.48,51.47,,,0.399,43,40,32,0.2795,MODERATE,0.168,16196,False,False
BIH-KATIHA,Bihar,Katihar,188980,15.23,25.5464,83.0,12.55,17.4,15.03,51.5,,,0.109,11,16,3,0.1847,LOW,0.1646,16164,False,True
JAM-BADGAM,Jammu and Kashmir,Badgam,198052,27.14,34.1804,75.022,24.38,19.25,15.26,52.04,,,0.161,16,23,6,0.2786,MODERATE,0.2337,15951,False,True
KER-KANNUR,Kerala,Kannur,386366,46.92,9.5864,76.7686,30.44,32.9,23.68,47.75,,,0.57,62,56,46,0.4137,HIGH,0.1779,15949,False,False
GUJ-AHMEDA,Gujarat,Ahmedabad,276277,36.54,23.8872,72.1783,29.06,17.35,19.58,52.04,57.7,Satisfactory,0.399,43,40,32,0.3907,HIGH,0.2348,15940,False,False
BIH-MADHEP,Bihar,Madhepura,184395,11.36,23.3595,84.4742,11.77,12.45,20.19,51.22,,,0.109,11,16,3,0.1896,LOW,0.1689,15772,False,True
BIH-ARWAL,Bihar,Arwal,182226,5.46,24.9923,83.694,11.61,13.45,16.31,51.05,,,0.109,11,16,3,0.1536,LOW,0.1369,15586,False,True
BIH-PURNIA,Bihar,Purnia,180962,11.87,28.6515,84.8109,14.03,20.6,16.07,51.21,,,0.109,11,16,3,0.2217,LOW,0.1975,15478,False,True
BIH-ARARIA,Bihar,Araria,180238,14.14,25.5346,84.8215,9.26,13.95,16.85,51.23,,,0.109,11,16,3,0.1532,LOW,0.1365,15416,False,True
MAH-AMRAVA,Maharashtra,Amravati,209078,48.55,22.4745,78.4317,18.77,19.25,15.97,51.39,,,0.233,25,28,12,0.241,MODERATE,0.1848,15394,False,False
MAH-PUNE,Maharashtra,Pune,208561,44.87,19.0017,77.919,28.55,24.1,19.12,51.73,46.6,Satisfactory,0.233,25,28,12,0.4076,HIGH,0.3126,15356,False,False
NAG-MON,Nagaland,Mon,165121,30.58,26.4536,94.6014,8.99,28.05,19.46,51.48,,,0.039,3,6,3,0.289,MODERATE,0.2777,15233,False,True
BIH-MUZAFF,Bihar,Muzaffarpur,177726,15.19,26.8124,82.2933,15.26,21.05,16.01,51.57,81.8,Moderate,0.109,11,16,3,0.3385,MODERATE,0.3016,15201,False,True
JAM-ANANTN,Jammu and Kashmir,Anantnag,187180,26.38,33.7011,75.1115,27.55,19.7,17.42,51.73,,,0.161,16,23,6,0.3154,MODERATE,0.2646,15076,False,True
NAG-KOHIMA,Nagaland,Kohima,162190,38.8,27.4018,93.4942,10.56,28.4,16.01,51.15,,,0.039,3,6,3,0.2589,MODERATE,0.2488,14963,False,True
TRI-KHOWAI,Tripura,Khowai,167783,24.46,23.9192,89.5687,14.96,20.2,18.14,49.56,,,0.074,7,11,3,0.2116,LOW,0.1959,14915,False,True
GUJ-BHAVNA,Gujarat,Bhavnagar,257660,46.57,24.3464,72.1858,28.75,19.05,18.27,51.84,,,0.399,43,40,32,0.3281,MODERATE,0.1972,14865,False,False
MEG-WEST G,Meghalaya,West Garo Hills,158496,22.68,25.8599,93.4379,6.75,21.05,15.5,49.68,,,0.032,3,5,1,0.1474,LOW,0.1427,14728,False,True
BIH-AURANG,Bihar,Aurangabad,172086,5.97,23.9166,85.138,9.25,15.75,15.06,50.77,,,0.109,11,16,3,0.1393,LOW,0.1241,14719,False,True
BIH-NAWADA,Bihar,Nawada,171959,0.75,26.1766,85.9247,15.25,16.5,16.01,52.16,,,0.109,11,16,3,0.2164,LOW,0.1928,14708,False,True
KER-KOLLAM,Kerala,Kollam,354110,53.3,11.202,76.811,40.34,33.85,23.48,48.5,,,0.57,62,56,46,0.4898,HIGH,0.2106,14617,False,False
BIH-SUPAUL,Bihar,Supaul,169829,9.87,25.6937,85.9108,8.7,12.85,16.53,51.51,,,0.109,11,16,3,0.1442,LOW,0.1285,14526,False,True
MAH-NANDUR,Maharashtra,Nandurbar,196045,44.52,19.3998,75.1088,12.41,24.05,20.18,50.98,,,0.233,25,28,12,0.2754,MODERATE,0.2112,14435,False,True
NAG-WOKHA,Nagaland,Wokha,155880,37.46,27.2406,93.5068,16.79,30.0,14.19,51.7,,,0.039,3,6,3,0.2988,MODERATE,0.2871,14380,False,True
HIM-KULLU,Himachal Pradesh,Kullu,195027,5.82,29.56,76.906,27.76,19.0,20.19,50.67,,,0.239,27,26,13,0.3179,MODERATE,0.2419,14247,False,True
KER-THRISS,Kerala,Thrissur,344391,50.42,10.6173,75.7758,41.45,34.1,24.47,48.48,,,0.57,62,56,46,0.5075,HIGH,0.2182,14216,False,False
HIM-MANDI,Himachal Pradesh,Mandi,194037,4.24,30.6589,76.2389,30.7,22.3,20.45,49.99,,,0.239,27,26,13,0.3482,MODERATE,0.265,14175,False,True
MAN-TAMENG,Manipur,Tamenglong,159300,34.61,25.0855,94.5261,22.33,25.45,18.3,50.25,,,0.074,10,8,0,0.3081,MODERATE,0.2853,14161,False,True
KER-IDUKKI,Kerala,Idukki,342159,42.34,11.1389,76.6213,34.17,33.3,26.82,48.31,,,0.57,62,56,46,0.4808,HIGH,0.2067,14124,False,False
MAN-THOUBA,Manipur,Thoubal,158238,34.5,25.124,93.5771,28.95,28.3,17.34,50.1,,,0.074,10,8,0,0.3541,MODERATE,0.3279,14066,False,True
NAG-KIPHIR,Nagaland,Kiphire,151777,34.83,25.424,94.6752,8.89,18.65,14.27,51.81,,,0.039,3,6,3,0.172,LOW,0.1653,14002,False,True
MEG-EAST J,Meghalaya,East Jaintia Hills,150210,11.49,25.3462,90.6848,14.28,17.95,18.63,49.93,,,0.032,3,5,1,0.2033,LOW,0.1968,13958,False,True
ASS-BONGAI,Assam,Bongaigaon,168186,6.86,24.4094,93.111,15.38,14.75,18.32,51.64,,,0.142,16,18,4,0.2169,LOW,0.1861,13853,False,True
BIH-JEHANA,Bihar,Jehanabad,160376,9.16,24.7541,85.9089,13.66,12.7,18.12,51.61,,,0.109,11,16,3,0.1891,LOW,0.1685,13717,False,True
BIH-BEGUSA,Bihar,Begusarai,159994,11.18,25.2265,85.0241,17.17,15.45,15.7,51.0,,,0.109,11,16,3,0.1928,LOW,0.1718,13685,False,True
NAG-TUENSA,Nagaland,Tuensang,148153,35.46,23.938,95.6308,9.91,22.35,16.74,51.62,,,0.039,3,6,3,0.2267,LOW,0.2179,13668,False,True
WES-MALDAH,West Bengal,Maldah,223447,32.52,22.9325,86.9324,21.27,18.55,17.97,51.31,,,0.363,41,36,25,0.2684,MODERATE,0.171,13664,False,False
BIH-SHEOHA,Bihar,Sheohar,159691,12.77,26.4022,84.7411,7.22,18.15,14.95,52.08,,,0.109,11,16,3,0.1712,LOW,0.1525,13659,False,True
ASS-BARPET,Assam,Barpeta,163694,13.6,26.1247,89.6263,15.79,17.3,16.96,50.98,,,0.142,16,18,4,0.2112,LOW,0.1812,13483,False,True
GUJ-SABARK,Gujarat,Sabarkantha,232950,38.89,22.3035,73.5813,14.77,25.05,17.89,51.52,,,0.399,43,40,32,0.284,MODERATE,0.1707,13440,False,False
BIH-BHAGAL,Bihar,Bhagalpur,157065,19.18,25.3873,84.0861,18.54,14.0,17.73,51.68,,,0.109,11,16,3,0.2239,LOW,0.1995,13434,False,True
BIH-PASHCH,Bihar,Pashchim Champaran,155889,4.5,26.0026,87.1311,19.2,20.35,14.17,51.09,,,0.109,11,16,3,0.2274,LOW,0.2026,13334,False,True
MAH-BULDAN,Maharashtra,Buldana,179760,40.11,18.2303,75.8306,15.37,20.3,19.75,50.92,,,0.233,25,28,12,0.2584,MODERATE,0.1982,13236,False,True
KER-WAYANA,Kerala,Wayanad,317907,48.33,10.3059,77.2612,26.11,28.55,24.64,48.83,,,0.57,62,56,46,0.3881,HIGH,0.1669,13123,False,False
MAH-PALGHA,Maharashtra,Palghar,177991,39.81,19.2087,74.6848,16.07,22.9,17.03,51.29,,,0.233,25,28,12,0.2618,MODERATE,0.2008,13105,False,True
JAM-SAMBA,Jammu and Kashmir,Samba,162591,25.17,33.9689,75.4939,34.53,21.3,14.86,51.39,,,0.161,16,23,6,0.3341,MODERATE,0.2803,13095,False,True
GUJ-THE DA,Gujarat,The Dangs,226659,48.42,23.277,72.5063,7.81,23.5,14.19,51.36,,,0.399,43,40,32,0.1924,LOW,0.1156,13077,False,False
ASS-DIMA H,Assam,Dima Hasao,158271,18.5,24.9,90.5447,14.85,20.3,14.49,50.93,,,0.142,16,18,4,0.2025,LOW,0.1737,13036,False,True
MEG-WEST J,Meghalaya,West Jaintia Hills,140205,26.51,25.1511,92.1509,14.74,16.75,17.2,50.02,,,0.032,3,5,1,0.1842,LOW,0.1783,13028,False,True
MEG-SOUTH ,Meghalaya,South West Garo Hills,139021,20.4,24.4493,91.0585,8.64,16.8,15.67,50.26,,,0.032,3,5,1,0.1396,LOW,0.1351,12918,False,True
GUJ-BOTAD,Gujarat,Botad,223400,40.92,23.8848,71.7737,26.49,12.25,18.69,51.59,,,0.399,43,40,32,0.2635,MODERATE,0.1584,12889,False,False
WES-JALPAI,West Bengal,Jalpaiguri,210041,32.9,23.459,87.0002,16.29,22.45,24.06,51.03,,,0.363,41,36,25,0.3255,MODERATE,0.2073,12844,False,False
BIH-SAHARS,Bihar,Saharsa,149828,19.76,24.1805,85.9818,11.89,15.2,15.88,51.73,,,0.109,11,16,3,0.1777,LOW,0.1583,12815,False,True
MIZ-SERCHH,Mizoram,Serchhip,137457,50.64,24.6613,94.4992,22.87,14.65,16.77,49.68,,,0.033,2,7,1,0.2031,LOW,0.1964,12760,False,True
BIH-ROHTAS,Bihar,Rohtas,148574,13.16,23.2278,85.1459,18.66,15.6,14.31,51.23,,,0.109,11,16,3,0.1929,LOW,0.1719,12708,False,True
KER-THIRUV,Kerala,Thiruvananthapuram,307692,47.55,11.5886,78.1745,49.59,31.75,26.04,48.33,27.4,Good,0.57,62,56,46,0.5503,HIGH,0.2366,12701,False,False
MIZ-SAIHA,Mizoram,Saiha,136615,48.24,20.9468,91.7866,18.13,17.95,14.8,51.16,,,0.033,2,7,1,0.2111,LOW,0.2041,12682,False,True
KER-PALAKK,Kerala,Palakkad,305694,45.69,10.8144,78.1749,31.2,33.85,23.22,48.77,,,0.57,62,56,46,0.4411,HIGH,0.1897,12619,False,False
GUJ-VADODA,Gujarat,Vadodara,218426,44.65,23.0476,74.1139,26.14,24.05,19.93,51.46,,,0.399,43,40,32,0.36,MODERATE,0.2164,12602,False,False
BIH-SARAN,Bihar,Saran,147156,10.41,26.1153,85.7552,18.13,18.0,15.19,51.71,,,0.109,11,16,3,0.2266,LOW,0.2019,12587,False,True
MAH-BID,Maharashtra,Bid,170291,37.38,20.1606,77.1018,20.51,25.25,19.2,51.48,,,0.233,25,28,12,0.3303,MODERATE,0.2533,12538,False,True
GUJ-JUNAGA,Gujarat,Junagadh,214782,44.31,24.2276,72.8777,30.66,22.05,17.54,51.55,,,0.399,43,40,32,0.3482,MODERATE,0.2093,12392,False,False
TRI-SEPAHI,Tripura,Sepahijala,139091,24.44,24.4049,91.0918,23.07,19.6,18.55,50.85,,,0.074,7,11,3,0.283,MODERATE,0.2621,12364,False,True
BIH-PATNA,Bihar,Patna,144094,13.77,27.3066,84.9142,20.55,15.45,15.98,51.43,105.3,Poor,0.109,11,16,3,0.3656,HIGH,0.3257,12325,False,True
BIH-KISHAN,Bihar,Kishanganj,143936,12.84,25.3219,84.0155,11.18,20.05,16.7,51.47,,,0.109,11,16,3,0.2131,LOW,0.1899,12311,False,True
ASS-SOUTH ,Assam,South Salmara Mancachar,149171,8.69,27.0758,92.5443,7.88,16.0,17.08,51.61,,,0.142,16,18,4,0.1708,LOW,0.1465,12286,False,True
GUJ-MAHISA,Gujarat,Mahisagar,212715,44.4,23.2641,72.8482,9.13,15.5,19.62,52.25,,,0.399,43,40,32,0.2127,LOW,0.1278,12272,False,False
MAN-IMPHAL,Manipur,Imphal West,137835,35.74,27.2671,92.9201,36.16,32.95,17.28,50.83,37.2,Satisfactory,0.074,10,8,0,0.4632,HIGH,0.4289,12252,False,True
GUJ-ANAND,Gujarat,Anand,211957,51.63,19.2772,73.6899,19.11,26.75,14.87,51.78,,,0.399,43,40,32,0.296,MODERATE,0.1779,12229,False,False
ASS-SIVASA,Assam,Sivasagar,148290,17.8,23.0458,91.6526,20.0,24.0,15.67,50.83,,,0.142,16,18,4,0.2692,MODERATE,0.231,12214,False,True
GUJ-PANCHM,Gujarat,Panchmahal,211605,43.84,22.9478,74.2681,15.68,25.05,17.87,51.65,,,0.399,43,40,32,0.2915,MODERATE,0.1752,12208,False,False
WES-BANKUR,West Bengal,Bankura,198501,24.74,26.681,88.3245,12.72,20.65,18.05,51.23,,,0.363,41,36,25,0.2351,MODERATE,0.1498,12138,False,True
BIH-KHAGAR,Bihar,Khagaria,141833,5.15,25.0175,86.955,17.54,14.55,13.72,52.31,,,0.109,11,16,3,0.1946,LOW,0.1734,12131,False,True
ASS-DIBRUG,Assam,Dibrugarh,147171,17.8,27.0579,92.1039,19.16,19.75,17.0,51.27,,,0.142,16,18,4,0.2549,MODERATE,0.2187,12122,False,True
GUJ-NARMAD,Gujarat,Narmada,207827,39.61,24.1211,73.0004,10.49,20.0,18.84,52.56,,,0.399,43,40,32,0.2525,MODERATE,0.1518,11990,False,False
BIH-BHOJPU,Bihar,Bhojpur,139679,9.73,26.3343,85.0564,19.81,14.2,16.69,51.4,,,0.109,11,16,3,0.2164,LOW,0.1928,11947,False,True
ASS-MAJULI,Assam,Majuli,143924,19.05,27.1722,91.8535,13.69,21.5,20.03,51.88,,,0.142,16,18,4,0.2801,MODERATE,0.2403,11854,False,True
JAM-REASI,Jammu and Kashmir,Reasi,146579,26.98,33.9088,75.3658,21.36,16.5,16.14,52.11,,,0.161,16,23,6,0.2512,MODERATE,0.2108,11806,False,True
ASS-DARRAN,Assam,Darrang,142271,21.9,25.9866,90.5336,12.25,15.6,18.78,50.84,,,0.142,16,18,4,0.1941,LOW,0.1665,11718,False,True
ASS-KOKRAJ,Assam,Kokrajhar,140929,16.71,27.4399,93.2899,13.06,18.6,14.38,51.17,,,0.142,16,18,4,0.1834,LOW,0.1574,11608,False,True
KER-KASARA,Kerala,Kasaragod,280547,51.17,10.2919,77.6614,26.4,26.05,24.77,47.81,,,0.57,62,56,46,0.3517,MODERATE,0.1512,11580,False,False
NAG-MOKOKC,Nagaland,Mokokchung,125273,30.4,27.9642,94.0434,14.15,26.05,15.56,51.7,,,0.039,3,6,3,0.2681,MODERATE,0.2576,11557,False,True
ASS-HAILAK,Assam,Hailakandi,140037,13.79,23.5565,91.3515,10.54,23.1,17.51,50.69,,,0.142,16,18,4,0.2249,LOW,0.193,11534,False,True
BIH-PURBA ,Bihar,Purba Champaran,134405,13.6,25.4968,84.6758,15.29,19.9,15.82,51.28,,,0.109,11,16,3,0.2225,LOW,0.1982,11496,False,True
MAH-KOLHAP,Maharashtra,Kolhapur,154508,39.78,20.95,75.6845,22.76,32.1,20.18,50.73,,,0.233,25,28,12,0.3892,HIGH,0.2985,11376,False,True
JAM-RAMBAN,Jammu and Kashmir,Ramban,140031,23.65,31.631,75.5143,15.1,16.6,15.43,51.7,,,0.161,16,23,6,0.2012,LOW,0.1688,11278,False,True
ASS-NALBAR,Assam,Nalbari,134851,13.08,26.6426,94.6419,20.19,23.7,13.84,50.95,,,0.142,16,18,4,0.252,MODERATE,0.2162,11107,False,True
GUJ-KHEDA,Gujarat,Kheda,190152,38.03,22.3986,71.579,16.77,24.25,17.2,51.46,,,0.399,43,40,32,0.2811,MODERATE,0.1689,10971,False,True
WES-UTTAR ,West Bengal,Uttar Dinajpur,178460,34.23,24.6959,86.6941,14.1,20.05,17.82,51.2,,,0.363,41,36,25,0.2355,MODERATE,0.15,10913,False,True
BIH-MUNGER,Bihar,Munger,125318,14.47,25.9678,85.7097,19.41,17.2,17.12,51.24,,,0.109,11,16,3,0.2378,MODERATE,0.2119,10719,False,True
NAG-LONGLE,Nagaland,Longleng,115799,23.05,26.6941,94.8889,6.77,26.3,12.32,51.13,,,0.039,3,6,3,0.184,LOW,0.1768,10683,False,True
ASS-HOJAI,Assam,Hojai,129510,15.92,26.5933,92.1301,19.32,23.1,13.76,50.73,,,0.142,16,18,4,0.2373,MODERATE,0.2036,10667,False,True
SIK-SOUTH ,Sikkim,South District,121475,19.69,28.0185,86.8528,33.41,45.3,15.8,51.45,,,0.089,8,13,5,0.5186,HIGH,0.4724,10623,False,True
KER-KOTTAY,Kerala,Kottayam,254769,46.1,8.7569,78.4343,38.79,36.5,24.79,47.92,,,0.57,62,56,46,0.5025,HIGH,0.2161,10516,False,False
WES-KOCH B,West Bengal,Koch Bihar,171138,33.26,22.3762,87.8953,15.94,21.25,19.16,50.97,,,0.363,41,36,25,0.2638,MODERATE,0.168,10465,False,True
JAM-SRINAG,Jammu and Kashmir,Srinagar,129540,27.63,34.9893,74.2362,25.73,19.1,14.96,52.42,,,0.161,16,23,6,0.2897,MODERATE,0.2431,10433,False,True
ASS-KAMRUP,Assam,Kamrup Metropolitan,126431,3.68,27.7713,92.5437,20.84,18.65,18.64,51.38,,,0.142,16,18,4,0.2749,MODERATE,0.2359,10413,False,True
MAH-JALGAO,Maharashtra,Jalgaon,139710,42.07,19.88,74.4054,25.67,22.55,21.02,51.32,,,0.233,25,28,12,0.3543,MODERATE,0.2717,10287,False,True
ASS-CHIRAN,Assam,Chirang,124248,12.1,23.9725,93.3029,12.42,23.2,15.55,51.25,,,0.142,16,18,4,0.2277,LOW,0.1954,10234,False,True
GUJ-MORBI,Gujarat,Morbi,177356,41.78,19.1723,72.3524,22.84,16.75,20.61,51.91,,,0.399,43,40,32,0.3026,MODERATE,0.1819,10232,False,True
GUJ-BHARUC,Gujarat,Bharuch,174909,45.22,23.9224,72.1311,24.15,24.3,17.44,51.87,,,0.399,43,40,32,0.3338,MODERATE,0.2006,10091,False,True
TRI-DHALAI,Tripura,Dhalai,111735,21.37,23.4154,89.6475,17.52,15.95,16.06,50.66,,,0.074,7,11,3,0.1953,LOW,0.1808,9932,False,True
ASS-KARIMG,Assam,Karimganj,120403,13.96,26.0021,93.4557,6.39,16.85,19.93,51.05,,,0.142,16,18,4,0.1863,LOW,0.1598,9917,False,True
BIH-GAYA,Bihar,Gaya,113757,14.71,25.3232,84.5216,9.95,17.7,16.97,51.47,,,0.109,11,16,3,0.1913,LOW,0.1704,9730,False,True
MAN-UKHRUL,Manipur,Ukhrul,106041,36.24,22.246,94.3112,13.46,23.65,17.99,49.68,,,0.074,10,8,0,0.2299,LOW,0.2129,9426,False,True
MEG-EAST K,Meghalaya,East Khasi Hills,100622,23.04,24.3101,88.9914,14.84,24.75,14.1,50.3,,,0.032,3,5,1,0.2192,LOW,0.2122,9350,False,True
ASS-LAKHIM,Assam,Lakhimpur,113344,12.04,26.8479,92.485,12.03,22.9,19.44,51.15,,,0.142,16,18,4,0.2606,MODERATE,0.2236,9335,False,True
JAM-KISHTW,Jammu and Kashmir,Kishtwar,115720,26.79,34.7857,76.7148,23.03,13.25,16.54,51.77,,,0.161,16,23,6,0.2334,MODERATE,0.1958,9320,False,True
GUJ-CHHOTA,Gujarat,Chhota Udaipur,159849,40.69,23.502,73.741,6.92,18.45,14.91,51.36,,,0.399,43,40,32,0.1568,LOW,0.0942,9222,False,True
ASS-JORHAT,Assam,Jorhat,111877,10.76,26.6638,92.4647,18.85,26.1,17.8,51.92,,,0.142,16,18,4,0.3221,MODERATE,0.2764,9215,False,True
ASS-GOLAGH,Assam,Golaghat,111475,19.47,25.4826,94.1089,15.23,21.25,14.83,50.98,,,0.142,16,18,4,0.2162,LOW,0.1855,9181,False,True
JAM-RAJOUR,Jammu and Kashmir,Rajouri,113159,25.56,35.1145,74.4119,22.24,15.15,14.71,51.87,,,0.161,16,23,6,0.2267,LOW,0.1902,9114,False,True
ASS-DHUBRI,Assam,Dhubri,110440,14.72,25.8839,90.1439,11.57,18.6,19.44,51.25,,,0.142,16,18,4,0.2277,LOW,0.1954,9096,False,True
BIH-SHEIKH,Bihar,Sheikhpura,105071,5.11,21.4664,86.0749,12.35,16.2,15.44,52.17,,,0.109,11,16,3,0.1923,LOW,0.1713,8987,False,True
HIM-KINNAU,Himachal Pradesh,Kinnaur,121829,20.89,29.7504,75.5062,25.56,20.65,18.93,50.46,,,0.239,27,26,13,0.3009,MODERATE,0.229,8900,False,True
ASS-GOALPA,Assam,Goalpara,107111,14.73,26.2973,93.1244,14.83,17.35,17.35,51.63,,,0.142,16,18,4,0.2233,LOW,0.1916,8822,False,True
GUJ-GANDHI,Gujarat,Gandhinagar,152080,41.09,23.1801,73.6577,27.95,26.6,18.85,50.8,,,0.399,43,40,32,0.3651,HIGH,0.2194,8774,False,True
MIZ-KOLASI,Mizoram,Kolasib,93131,56.13,23.4527,92.2125,25.26,20.4,16.26,50.47,,,0.033,2,7,1,0.2706,MODERATE,0.2617,8645,False,True
BIH-SITAMA,Bihar,Sitamarhi,98595,10.59,25.4179,83.7165,13.53,17.85,17.0,51.7,,,0.109,11,16,3,0.2176,LOW,0.1939,8433,False,True
SIK-WEST D,Sikkim,West District,96113,29.99,27.0696,88.6701,22.64,38.9,15.72,51.58,,,0.089,8,13,5,0.4116,HIGH,0.375,8405,False,True
BIH-MADHUB,Bihar,Madhubani,97123,13.3,27.1561,86.6166,12.77,20.8,15.9,51.75,,,0.109,11,16,3,0.2253,LOW,0.2007,8307,False,True
SIK-EAST D,Sikkim,East District,94622,31.08,28.3847,89.1706,35.49,32.9,19.0,51.54,,,0.089,8,13,5,0.4714,HIGH,0.4294,8275,False,True
BIH-VAISHA,Bihar,Vaishali,96677,23.75,24.9725,84.8822,16.56,18.5,15.13,51.36,,,0.109,11,16,3,0.2138,LOW,0.1905,8269,False,True
MAN-SENAPA,Manipur,Senapati,93007,28.16,24.5773,93.6362,24.39,23.45,15.63,50.54,,,0.074,10,8,0,0.2836,MODERATE,0.2626,8267,False,True
MEG-NORTH ,Meghalaya,North Garo Hills,88725,15.94,25.401,90.5263,10.5,22.7,15.45,50.28,,,0.032,3,5,1,0.1925,LOW,0.1863,8245,False,True
ASS-BAKSA,Assam,Baksa,99498,14.31,26.8582,92.6912,17.4,24.75,18.4,51.03,,,0.142,16,18,4,0.2918,MODERATE,0.2504,8195,False,True
HIM-HAMIRP,Himachal Pradesh,Hamirpur,109420,8.23,29.6818,77.0349,36.17,31.65,20.94,50.0,,,0.239,27,26,13,0.4544,HIGH,0.3458,7993,False,True
JAM-GANDER,Jammu and Kashmir,Ganderbal,98145,28.7,32.094,74.1264,31.76,20.3,17.07,51.52,,,0.161,16,23,6,0.3359,MODERATE,0.2818,7904,False,True
GUJ-SUREND,Gujarat,Surendranagar,136301,39.26,23.9092,71.9624,19.94,15.9,18.1,51.24,,,0.399,43,40,32,0.2409,MODERATE,0.1448,7864,False,True
JAM-PUNCH,Jammu and Kashmir,Punch,97198,17.06,32.2589,75.8866,15.09,17.1,17.35,51.86,,,0.161,16,23,6,0.2275,LOW,0.1909,7828,False,True
MAH-GADCHI,Maharashtra,Gadchiroli,106140,44.53,19.6403,75.2124,5.28,17.1,18.24,50.97,,,0.233,25,28,12,0.1632,LOW,0.1252,7815,False,True
KAR-KOPPAL,Karnataka,Koppal,348270,38.02,14.9912,75.1899,20.59,20.85,18.41,51.05,,,0.768,86,68,67,0.281,MODERATE,0.0652,7756,False,False
MAH-BHANDA,Maharashtra,Bhandara,105147,39.88,20.8799,76.4166,8.96,20.55,19.63,51.64,,,0.233,25,28,12,0.2374,MODERATE,0.1821,7742,False,True
NAG-ZUNHEB,Nagaland,Zunheboto,83228,26.03,24.5007,96.9919,8.45,37.2,15.8,50.89,,,0.039,3,6,3,0.3057,MODERATE,0.2938,7678,False,True
KER-ALAPPU,Kerala,Alappuzha,184655,40.4,7.5643,76.2107,38.86,34.15,23.17,48.63,,,0.57,62,56,46,0.4832,HIGH,0.2078,7622,False,True
JAM-SHUPIY,Jammu and Kashmir,Shupiyan,93706,22.63,33.4888,75.9194,25.35,14.65,17.06,51.84,,,0.161,16,23,6,0.2637,MODERATE,0.2212,7547,False,True
GUJ-DAHOD,Gujarat,Dahod,130798,43.0,23.325,70.5341,6.25,17.95,15.03,52.56,,,0.399,43,40,32,0.1747,LOW,0.105,7546,False,True
ASS-SONITP,Assam,Sonitpur,91385,15.47,26.5347,92.8472,12.0,24.65,17.69,51.12,,,0.142,16,18,4,0.2552,MODERATE,0.219,7527,False,True
KAR-DAKSHI,Karnataka,Dakshina Kannada,336839,40.38,13.9271,76.4398,20.54,30.0,18.04,51.22,,,0.768,86,68,67,0.3492,MODERATE,0.081,7502,False,False
JAM-KUPWAR,Jammu and Kashmir,Kupwara,93017,28.05,35.3586,74.308,20.47,18.5,14.86,51.92,,,0.161,16,23,6,0.2444,MODERATE,0.2051,7491,False,True
GUJ-VALSAD,Gujarat,Valsad,129689,38.87,20.5921,73.0708,19.38,26.55,15.77,51.33,,,0.399,43,40,32,0.296,MODERATE,0.1779,7482,False,True
GUJ-AMRELI,Gujarat,Amreli,129601,46.35,24.3459,71.6598,27.34,14.75,19.28,51.7,,,0.399,43,40,32,0.2953,MODERATE,0.1775,7477,False,True
KAR-BIJAPU,Karnataka,Bijapur,335009,33.21,12.4845,76.2432,26.67,20.6,17.44,50.06,,,0.768,86,68,67,0.2837,MODERATE,0.0658,7461,False,False
KAR-UTTARA,Karnataka,Uttara Kannada,334152,44.02,13.1759,76.0461,21.11,26.0,16.44,50.17,,,0.768,86,68,67,0.285,MODERATE,0.0661,7442,False,False
MEG-EAST G,Meghalaya,East Garo Hills,80053,18.37,26.4224,93.5237,6.67,19.25,16.13,49.48,,,0.032,3,5,1,0.1357,LOW,0.1314,7439,False,True
HIM-CHAMBA,Himachal Pradesh,Chamba,101479,12.23,31.362,77.196,21.14,20.5,21.82,50.63,,,0.239,27,26,13,0.3075,MODERATE,0.234,7413,False,True
MAN-IMPHAL,Manipur,Imphal East,83054,36.39,26.8142,94.6675,37.78,28.95,14.79,50.01,,,0.074,10,8,0,0.3812,HIGH,0.353,7383,False,True
KER-KOZHIK,Kerala,Kozhikode,178104,48.49,10.4548,77.9541,28.89,29.0,24.76,48.46,,,0.57,62,56,46,0.4009,HIGH,0.1724,7352,False,True
MAN-CHURAC,Manipur,Churachandpur,82433,27.88,26.9606,94.8021,25.62,20.75,17.15,50.35,,,0.074,10,8,0,0.2818,MODERATE,0.2609,7327,False,True
ASS-UDALGU,Assam,Udalguri,88331,15.04,27.5556,93.8395,13.01,21.15,17.84,50.73,,,0.142,16,18,4,0.2283,LOW,0.1959,7275,False,True
DEL-CENTRA,Delhi,Central Delhi,582000,100.0,28.6515,77.2217,31.02,18.0,22.0,52.7,165.0,Very Poor,0.87,98,78,73,0.6381,HIGH,0.083,7263,False,False
HIM-SOLAN,Himachal Pradesh,Solan,97323,14.76,31.2211,76.8129,28.04,22.0,21.65,50.22,,,0.239,27,26,13,0.3477,MODERATE,0.2646,7110,False,True
ASS-CHARAI,Assam,Charaideo,86082,17.63,26.9664,91.0672,9.88,18.05,17.63,51.25,,,0.142,16,18,4,0.1958,LOW,0.168,7090,False,True
GUJ-JAMNAG,Gujarat,Jamnagar,119201,39.15,23.6117,72.9641,28.17,16.55,15.1,51.76,,,0.399,43,40,32,0.2724,MODERATE,0.1637,6877,False,True
GUJ-NAVSAR,Gujarat,Navsari,118797,40.17,21.6879,69.9038,17.25,22.9,17.83,51.96,,,0.399,43,40,32,0.2901,MODERATE,0.1744,6854,False,True
BIH-SAMAST,Bihar,Samastipur,79925,19.62,28.4395,84.3274,14.09,16.1,14.97,51.62,,,0.109,11,16,3,0.1855,LOW,0.1653,6836,False,True
ASS-KARBI ,Assam,Karbi Anglong,82704,18.23,25.9656,91.6807,14.89,21.45,17.25,51.32,,,0.142,16,18,4,0.2471,MODERATE,0.212,6812,False,True
KAR-BELLAR,Karnataka,Bellary,304522,45.98,14.5452,78.6472,26.05,21.05,18.83,51.08,,,0.768,86,68,67,0.3182,MODERATE,0.0738,6782,False,False
GUJ-TAPI,Gujarat,Tapi,116270,46.64,20.7844,71.8327,11.94,26.6,19.31,52.17,,,0.399,43,40,32,0.3071,MODERATE,0.1846,6708,False,True
KAR-DAVANA,Karnataka,Davanagere,300690,43.88,15.4145,76.1632,35.02,27.15,17.32,50.7,,,0.768,86,68,67,0.3917,HIGH,0.0909,6696,False,False
KER-ERNAKU,Kerala,Ernakulam,160427,36.12,11.6316,75.9105,36.56,29.9,24.71,48.2,,,0.57,62,56,46,0.4452,HIGH,0.1914,6622,False,True
JAM-PULWAM,Jammu and Kashmir,Pulwama,80802,24.11,31.4828,73.3815,35.02,20.85,16.81,51.68,,,0.161,16,23,6,0.359,MODERATE,0.3012,6508,False,True
ASS-NAGAON,Assam,Nagaon,78189,9.97,26.1996,92.7685,12.05,16.7,16.36,51.22,,,0.142,16,18,4,0.1844,LOW,0.1582,6440,False,True
KAR-UDUPI,Karnataka,Udupi,281529,34.73,12.6611,76.4953,21.48,31.85,15.75,50.77,,,0.768,86,68,67,0.3361,MODERATE,0.078,6270,False,False
SIK-NORTH ,Sikkim,North District,69527,26.01,27.4114,89.7746,42.0,43.35,16.98,51.46,,,0.089,8,13,5,0.5646,HIGH,0.5144,6080,False,True
ASS-MORIGA,Assam,Morigaon,73273,18.54,26.7763,93.1038,13.62,20.3,17.35,51.54,,,0.142,16,18,4,0.2368,MODERATE,0.2032,6035,False,True
GUJ-PORBAN,Gujarat,Porbandar,104322,42.29,23.6227,72.261,25.88,16.0,15.39,52.26,,,0.399,43,40,32,0.2684,MODERATE,0.1613,6018,False,True
MEG-WEST K,Meghalaya,West Khasi Hills,64541,29.61,25.7085,91.3308,8.1,16.2,12.85,49.9,,,0.032,3,5,1,0.0962,LOW,0.0931,5997,False,True
ASS-TINSUK,Assam,Tinsukia,72661,10.91,25.9381,93.9089,15.5,18.2,16.23,52.24,,,0.142,16,18,4,0.2344,MODERATE,0.2011,5984,False,True
ASS-BISWAN,Assam,Biswanath,72380,16.35,24.734,93.0948,10.25,25.95,17.55,51.04,,,0.142,16,18,4,0.2521,MODERATE,0.2163,5961,False,True
KAR-RAMANA,Karnataka,Ramanagara,266565,36.84,16.4993,76.9006,34.94,29.05,18.09,50.67,,,0.768,86,68,67,0.4127,HIGH,0.0957,5936,False,False
JAM-KULGAM,Jammu and Kashmir,Kulgam,73209,36.75,32.2261,74.0723,24.55,22.85,17.68,51.14,,,0.161,16,23,6,0.3128,MODERATE,0.2624,5896,False,True
MIZ-LUNGLE,Mizoram,Lunglei,63269,46.08,23.4634,94.327,18.98,16.95,16.07,50.93,,,0.033,2,7,1,0.2166,LOW,0.2095,5873,False,True
KAR-CHITRA,Karnataka,Chitradurga,262417,39.92,12.1669,74.056,35.78,30.15,17.57,51.14,,,0.768,86,68,67,0.4299,HIGH,0.0997,5844,False,False
KAR-BAGALK,Karnataka,Bagalkot,261896,39.94,17.7573,74.6663,27.2,20.05,19.58,50.1,,,0.768,86,68,67,0.305,MODERATE,0.0708,5832,False,False
KAR-RAICHU,Karnataka,Raichur,260281,33.33,14.3211,77.5595,19.12,17.6,20.05,50.49,,,0.768,86,68,67,0.2536,MODERATE,0.0588,5796,False,False
KAR-HASSAN,Karnataka,Hassan,259766,32.34,13.9473,75.0385,34.84,28.8,18.56,50.42,,,0.768,86,68,67,0.4099,HIGH,0.0951,5785,False,False
MEG-RIBHOI,Meghalaya,Ribhoi,61391,20.19,27.2225,87.2767,11.9,14.75,15.28,49.69,,,0.032,3,5,1,0.1271,LOW,0.123,5704,False,True
JAM-DODA,Jammu and Kashmir,Doda,70286,26.47,35.0025,75.9513,29.69,22.3,17.32,52.07,,,0.161,16,23,6,0.3529,MODERATE,0.2961,5661,False,True
TEL-YADADR,Telangana,Yadadri Bhuvanagiri,201253,41.28,16.7418,79.5822,22.82,28.55,18.78,50.52,,,0.707,79,64,60,0.3445,MODERATE,0.1009,5660,False,False
TEL-ADILAB,Telangana,Adilabad,198688,33.47,17.3083,77.4016,14.98,24.75,22.78,50.67,,,0.707,79,64,60,0.3152,MODERATE,0.0924,5588,False,True
JAM-BARAMU,Jammu and Kashmir,Baramula,69286,19.69,32.4578,74.0513,29.34,21.35,17.49,52.15,,,0.161,16,23,6,0.3471,MODERATE,0.2912,5580,False,True
BIH-GOPALG,Bihar,Gopalganj,64729,5.91,24.3794,85.399,16.77,21.55,17.77,51.7,,,0.109,11,16,3,0.2714,MODERATE,0.2418,5536,False,True
KAR-GADAG,Karnataka,Gadag,248276,32.14,15.1786,76.834,29.07,23.0,21.33,50.14,,,0.768,86,68,67,0.3562,MODERATE,0.0826,5529,False,False
ASS-KAMRUP,Assam,Kamrup,66883,12.62,26.4908,93.2526,22.01,20.7,12.77,51.59,,,0.142,16,18,4,0.2418,MODERATE,0.2075,5509,False,True
TEL-MAHABU,Telangana,Mahabubabad,191427,35.48,19.0233,79.833,22.0,25.35,19.57,49.86,,,0.707,79,64,60,0.3105,MODERATE,0.091,5384,False,True
BIH-DARBHA,Bihar,Darbhanga,62547,9.23,25.2142,86.4221,12.88,20.5,19.49,51.71,,,0.109,11,16,3,0.2592,MODERATE,0.2309,5350,False,True
KAR-CHAMAR,Karnataka,Chamarajanagar,232433,33.33,13.6735,75.6203,29.69,29.35,20.41,50.58,,,0.768,86,68,67,0.4069,HIGH,0.0944,5176,False,False
BIH-BANKA,Bihar,Banka,60444,5.81,24.3891,84.5129,12.45,18.1,14.54,51.76,,,0.109,11,16,3,0.1897,LOW,0.169,5170,False,True
TEL-WANAPA,Telangana,Wanaparthy,183549,41.18,19.1781,80.2161,22.8,24.0,19.7,49.88,,,0.707,79,64,60,0.3066,MODERATE,0.0898,5162,False,True
TEL-KHAMMA,Telangana,Khammam,182799,46.1,19.5112,78.0517,34.8,29.2,17.62,50.33,,,0.707,79,64,60,0.4014,HIGH,0.1176,5141,False,True
KAR-DHARWA,Karnataka,Dharwad,224733,44.59,14.4262,75.9803,32.97,25.15,21.16,50.54,,,0.768,86,68,67,0.4007,HIGH,0.093,5005,False,False
GUJ-KACHCH,Gujarat,Kachchh,86554,40.47,21.4123,71.8838,24.17,18.65,15.96,51.81,,,0.399,43,40,32,0.2753,MODERATE,0.1655,4993,False,True
TEL-MEDAK,Telangana,Medak,171684,39.6,16.1538,77.9353,21.9,27.8,19.94,50.25,,,0.707,79,64,60,0.3399,MODERATE,0.0996,4829,False,True
MEG-SOUTH ,Meghalaya,South Garo Hills,51827,27.13,25.8423,91.9986,6.38,19.3,16.04,50.57,,,0.032,3,5,1,0.1556,LOW,0.1506,4816,False,True
KAR-BANGAL,Karnataka,Bangalore Rural,214586,44.76,16.3091,74.2686,30.75,28.75,21.01,50.46,,,0.768,86,68,67,0.412,HIGH,0.0956,4779,False,False
KAR-CHIKMA,Karnataka,Chikmagalur,214546,35.87,13.72,73.0365,30.77,28.95,19.78,50.05,,,0.768,86,68,67,0.3929,HIGH,0.0912,4778,False,False
TEL-NIZAMA,Telangana,Nizamabad,167550,33.63,18.5405,79.6845,26.07,29.15,18.21,49.62,,,0.707,79,64,60,0.3434,MODERATE,0.1006,4712,False,True
TEL-JOGULA,Telangana,Jogulamba Gadwal,164800,48.98,17.2519,79.5781,20.58,25.6,18.88,50.92,,,0.707,79,64,60,0.3188,MODERATE,0.0934,4635,False,True
GUJ-DEVBHU,Gujarat,Devbhumi Dwarka,80328,40.32,22.0218,71.7689,23.08,17.7,18.05,51.16,,,0.399,43,40,32,0.27,MODERATE,0.1623,4634,False,True
BIH-BUXAR,Bihar,Buxar,53597,18.71,23.9166,84.7327,15.3,12.2,15.2,51.43,,,0.109,11,16,3,0.1615,LOW,0.1439,4584,False,True
MEG-SOUTH ,Meghalaya,South West Khasi Hills,49021,16.35,26.5666,90.997,8.25,18.75,14.55,50.63,,,0.032,3,5,1,0.1482,LOW,0.1435,4555,False,True
TEL-KOMARA,Telangana,Komaram Bheem Asifabad,161694,36.33,18.2408,80.2268,13.37,24.5,20.97,50.61,,,0.707,79,64,60,0.2847,MODERATE,0.0834,4548,False,True
KAR-BELGAU,Karnataka,Belgaum,203311,33.13,16.798,75.951,21.77,20.8,16.76,50.22,,,0.768,86,68,67,0.2539,MODERATE,0.0589,4528,False,False
ASS-DHEMAJ,Assam,Dhemaji,54633,22.92,25.5674,94.4552,15.24,20.05,17.59,51.7,,,0.142,16,18,4,0.2497,MODERATE,0.2142,4500,False,True
KAR-YADGIR,Karnataka,Yadgir,201605,33.94,14.4708,76.7953,18.24,17.75,19.34,49.97,,,0.768,86,68,67,0.2321,LOW,0.0538,4490,False,False
KAR-TUMKUR,Karnataka,Tumkur,200313,44.48,13.9867,74.7886,27.88,30.7,21.47,50.07,,,0.768,86,68,67,0.4073,HIGH,0.0945,4461,False,False
BIH-SIWAN,Bihar,Siwan,51832,12.1,25.2193,83.4171,21.86,24.6,16.86,51.12,,,0.109,11,16,3,0.3021,MODERATE,0.2692,4433,False,True
KER-PATHAN,Kerala,Pathanamthitta,107034,52.35,8.5077,76.6941,40.02,42.0,27.16,48.19,,,0.57,62,56,46,0.5801,HIGH,0.2494,4418,False,True
KAR-SHIMOG,Karnataka,Shimoga,185967,36.26,14.0982,76.0343,29.66,27.95,18.63,50.22,,,0.768,86,68,67,0.371,HIGH,0.0861,4141,False,True
BIH-NALAND,Bihar,Nalanda,47585,12.88,24.7719,85.0806,15.62,13.7,17.35,52.12,,,0.109,11,16,3,0.2102,LOW,0.1873,4070,False,True
TEL-WARANG,Telangana,Warangal Urban,144158,43.94,17.2665,78.8066,29.59,28.6,18.06,49.76,,,0.707,79,64,60,0.3604,MODERATE,0.1056,4054,False,True
TEL-BHADRA,Telangana,Bhadradri Kothagudem,141446,45.12,17.3986,78.3916,28.79,29.85,20.64,49.85,,,0.707,79,64,60,0.3932,HIGH,0.1152,3978,False,True
TEL-VIKARA,Telangana,Vikarabad,140458,33.45,19.6442,80.5833,24.82,28.65,19.8,50.38,,,0.707,79,64,60,0.364,MODERATE,0.1067,3950,False,True
TEL-SIDDIP,Telangana,Siddipet,136914,38.53,16.546,79.3042,24.96,31.75,19.24,50.37,,,0.707,79,64,60,0.3822,HIGH,0.112,3851,False,True
BIH-JAMUI,Bihar,Jamui,44766,11.59,26.226,84.5177,12.43,13.7,15.74,51.06,,,0.109,11,16,3,0.1545,LOW,0.1377,3829,False,True
TEL-KAMARE,Telangana,Kamareddy,134156,36.22,17.3924,79.0952,19.52,28.4,19.08,50.03,,,0.707,79,64,60,0.3179,MODERATE,0.0931,3773,False,True
TEL-MANCHE,Telangana,Mancherial,130268,30.46,17.7367,78.6236,23.34,29.95,19.24,49.73,,,0.707,79,64,60,0.3466,MODERATE,0.1016,3664,False,True
TEL-JAGITI,Telangana,Jagitial,128932,36.91,18.2981,80.1654,25.31,28.4,19.71,49.63,,,0.707,79,64,60,0.3488,MODERATE,0.1022,3626,False,True
ASS-WEST K,Assam,West Karbi Anglong,43333,14.7,27.7835,90.9338,8.97,19.6,17.51,51.54,,,0.142,16,18,4,0.2069,LOW,0.1775,3569,False,True
TEL-JAYASH,Telangana,Jayashankar Bhupalapally,126277,37.82,18.0561,76.776,20.53,29.95,18.51,49.86,,,0.707,79,64,60,0.326,MODERATE,0.0955,3551,False,True
KAR-KODAGU,Karnataka,Kodagu,154778,43.66,15.8576,73.9413,32.04,32.4,18.34,50.47,,,0.768,86,68,67,0.4199,HIGH,0.0974,3447,False,True
ASS-CACHAR,Assam,Cachar,41516,17.91,23.3889,90.2318,8.79,16.2,15.97,51.14,,,0.142,16,18,4,0.1567,LOW,0.1344,3419,False,True
KAR-BANGAL,Karnataka,Bangalore,153510,40.14,14.7325,75.5247,37.11,32.1,21.4,50.37,,,0.768,86,68,67,0.4752,HIGH,0.1102,3418,False,True
KAR-MYSORE,Karnataka,Mysore,150299,35.5,15.3413,75.1642,34.31,26.45,21.46,50.57,,,0.768,86,68,67,0.4216,HIGH,0.0978,3347,False,True
TEL-MEDCHA,Telangana,Medchal-Malkajgiri,107346,33.98,18.2922,79.5341,38.06,30.65,20.19,50.38,,,0.707,79,64,60,0.4576,HIGH,0.1341,3019,False,True
KAR-HAVERI,Karnataka,Haveri,132942,40.69,13.7993,74.1839,28.12,22.9,20.88,51.27,,,0.768,86,68,67,0.3683,HIGH,0.0854,2960,False,True
TEL-RAJANN,Telangana,Rajanna Sircilla,98463,52.28,17.9334,79.0363,22.63,33.1,17.57,49.47,,,0.707,79,64,60,0.3441,MODERATE,0.1008,2769,False,True
TEL-WARANG,Telangana,Warangal Rural,96808,31.67,18.8138,78.7837,25.68,27.85,17.13,50.0,,,0.707,79,64,60,0.3282,MODERATE,0.0962,2723,False,True
TEL-SANGAR,Telangana,Sangareddy,93923,32.64,17.3806,80.3973,27.02,29.15,20.26,49.93,,,0.707,79,64,60,0.3757,HIGH,0.1101,2641,False,True
TEL-PEDDAP,Telangana,Peddapalli,93212,30.73,17.7047,78.1044,25.27,31.2,16.87,50.05,,,0.707,79,64,60,0.3494,MODERATE,0.1024,2621,False,True
TEL-SURYAP,Telangana,Suryapet,88766,39.98,18.6147,78.762,32.98,26.25,19.61,50.0,,,0.707,79,64,60,0.3824,HIGH,0.112,2496,False,True
KAR-BIDAR,Karnataka,Bidar,110230,41.55,13.6083,77.1918,19.26,22.65,19.23,50.78,,,0.768,86,68,67,0.2899,MODERATE,0.0673,2455,False,True
TEL-NIRMAL,Telangana,Nirmal,86584,36.33,16.8014,80.5038,21.9,26.8,23.5,49.56,,,0.707,79,64,60,0.3545,MODERATE,0.1039,2435,False,True
TEL-JANGOA,Telangana,Jangoan,85228,42.36,19.191,78.1889,23.36,27.55,18.98,50.41,,,0.707,79,64,60,0.3398,MODERATE,0.0996,2397,False,True
GOA-NORTH ,Goa,North Goa,54101,62.72,14.9543,76.469,34.14,27.8,20.74,49.9,,,0.552,61,53,44,0.41,HIGH,0.1837,2326,False,True
TEL-KARIMN,Telangana,Karimnagar,78850,46.36,18.9277,77.2381,26.21,29.85,16.19,49.81,,,0.707,79,64,60,0.3328,MODERATE,0.0975,2217,False,True
KAR-CHIKKA,Karnataka,Chikkaballapura,97973,39.27,14.7764,73.3813,24.34,28.3,17.24,50.38,,,0.768,86,68,67,0.3328,MODERATE,0.0772,2182,False,True
KAR-KOLAR,Karnataka,Kolar,92543,44.89,13.4749,75.5089,25.58,26.1,16.01,51.14,,,0.768,86,68,67,0.3262,MODERATE,0.0757,2061,False,True
TEL-NAGARK,Telangana,Nagarkurnool,71989,43.2,17.2467,78.9203,20.87,25.95,17.68,49.71,,,0.707,79,64,60,0.2865,MODERATE,0.0839,2024,False,True
KAR-GULBAR,Karnataka,Gulbarga,83101,49.18,13.5907,76.339,20.56,20.9,17.3,50.93,,,0.768,86,68,67,0.2676,MODERATE,0.0621,1850,False,True
KAR-MANDYA,Karnataka,Mandya,82694,36.37,14.5918,76.1304,36.37,29.95,19.63,50.52,,,0.768,86,68,67,0.44,HIGH,0.1021,1841,False,True
DEL-NEW DE,Delhi,New Delhi,142000,100.0,28.6139,77.209,30.08,17.0,21.0,52.5,158.4,Very Poor,0.87,98,78,73,0.5992,HIGH,0.0779,1772,False,True
TEL-MAHABU,Telangana,Mahabubnagar,62614,35.86,17.468,78.5481,23.09,25.35,17.83,50.08,,,0.707,79,64,60,0.3035,MODERATE,0.0889,1761,False,True
GOA-SOUTH ,Goa,South Goa,37534,65.55,14.0354,74.1235,33.01,26.35,21.59,50.19,,,0.552,61,53,44,0.4072,HIGH,0.1824,1614,False,True
TEL-HYDERA,Telangana,Hyderabad,49562,45.88,17.9645,78.3827,48.16,35.95,18.4,50.23,33.4,Satisfactory,0.707,79,64,60,0.5457,HIGH,0.1599,1394,False,True
TEL-NALGON,Telangana,Nalgonda,48403,42.6,17.9895,78.5438,27.7,22.65,19.81,48.87,,,0.707,79,64,60,0.3048,MODERATE,0.0893,1361,False,True
TEL-RANGA ,Telangana,Ranga Reddy,46304,34.92,18.3224,78.7639,37.37,31.75,17.17,50.3,,,0.707,79,64,60,0.4299,HIGH,0.126,1302,False,True
